timestamp,312Hz,781Hz,1250Hz,1718Hz,2187Hz,2656Hz,3125Hz,3593Hz,4062Hz,4531Hz,5000Hz,5468Hz,5937Hz,6406Hz,6875Hz,7343Hz,7812Hz,8281Hz,8750Hz,9218Hz
2025-03-18T00:00:35,172.65472972972972,157.2418918918919,155.08310810810812,171.80202702702704,159.31621621621622,124.69932432432432,198.96891891891892,126.99864864864865,121.31351351351351,116.54121621621621,121.54256756756757,128.73648648648648,152.4668918918919,94.52972972972972,153.76351351351352,138.58783783783784,123.83513513513513,121.34324324324324,126.74594594594595,216.57364864864866
2025-03-18T00:00:35,172.2368794326241,156.9964539007092,156.35886524822695,172.67446808510638,157.7631205673759,125.50212765957447,198.68936170212766,127.05035460992907,121.89219858156028,116.98794326241135,121.55460992907801,128.92340425531916,152.06099290780142,95.39787234042554,154.32836879432625,138.4340425531915,124.06950354609928,120.50638297872341,127.06879432624113,216.64751773049645
2025-03-18T00:01:35,171.8506756756757,157.25405405405405,154.1087837837838,172.60608108108107,158.33175675675676,124.91013513513514,199.1527027027027,127.13648648648649,121.76013513513513,116.5418918918919,121.08986486486486,128.33716216216217,151.875,94.84391891891892,154.56283783783783,138.47837837837838,123.5972972972973,120.99121621621622,126.19932432432432,216.47770270270271
2025-03-18T00:01:35,171.98080877313228,156.81836874571624,154.69568197395478,172.82385195339273,157.85880740233037,125.31254283755997,198.6538725154215,127.20973269362577,121.92597669636737,116.73954763536669,121.27210418094586,128.3139136394791,151.66278272789583,95.06854009595614,154.62714187799864,138.32899246058943,123.89581905414667,120.67580534612749,126.49965729952022,216.48526387936943
2025-03-18T00:02:35,171.325,157.6804054054054,154.67635135135134,173.8918918918919,157.29594594594596,125.47364864864865,198.37094594594595,127.32432432432432,121.65810810810811,117.21148648648649,120.97567567567567,128.77229729729729,151.7891891891892,95.1668918918919,154.98175675675677,138.37432432432433,123.85135135135135,120.74256756756756,126.31283783783783,216.8945945945946
2025-03-18T00:02:35,171.325,157.6804054054054,154.67635135135134,173.8918918918919,157.29594594594596,125.47364864864865,198.37094594594595,127.32432432432432,121.65810810810811,117.21148648648649,120.97567567567567,128.77229729729729,151.7891891891892,95.1668918918919,154.98175675675677,138.37432432432433,123.85135135135135,120.74256756756756,126.31283783783783,216.8945945945946
2025-03-18T00:03:35,170.3831081081081,157.46824324324325,153.98918918918918,173.2445945945946,157.9885135135135,126.27635135135135,197.2337837837838,128.36891891891892,121.95743243243243,117.07702702702703,120.74459459459459,128.3993243243243,151.37567567567567,95.35743243243243,154.5033783783784,138.3777027027027,123.44932432432432,120.54729729729729,126.73310810810811,216.60743243243243
2025-03-18T00:03:35,170.3831081081081,157.46824324324325,153.98918918918918,173.2445945945946,157.9885135135135,126.27635135135135,197.2337837837838,128.36891891891892,121.95743243243243,117.07702702702703,120.74459459459459,128.3993243243243,151.37567567567567,95.35743243243243,154.5033783783784,138.3777027027027,123.44932432432432,120.54729729729729,126.73310810810811,216.60743243243243
2025-03-18T00:04:35,170.96891891891892,156.57162162162163,151.45337837837837,172.4966216216216,157.25743243243244,126.21283783783784,196.20135135135135,128.4195945945946,121.62364864864865,117.18378378378378,120.85202702702702,127.80405405405405,150.73648648648648,95.39594594594594,155.3141891891892,138.4310810810811,122.98445945945946,120.12635135135135,127.04391891891892,217.36621621621623
2025-03-18T00:04:35,170.96891891891892,156.57162162162163,151.45337837837837,172.4966216216216,157.25743243243244,126.21283783783784,196.20135135135135,128.4195945945946,121.62364864864865,117.18378378378378,120.85202702702702,127.80405405405405,150.73648648648648,95.39594594594594,155.3141891891892,138.4310810810811,122.98445945945946,120.12635135135135,127.04391891891892,217.36621621621623
2025-03-18T00:05:35,171.38783783783785,157.05337837837837,150.9722972972973,172.6054054054054,157.15472972972972,125.89324324324325,197.0412162162162,128.7141891891892,121.19662162162162,117.38108108108108,120.82837837837837,127.68243243243244,150.94594594594594,95.41824324324324,156.21216216216217,138.33310810810812,123.9054054054054,119.40405405405406,126.27027027027027,217.2864864864865
2025-03-18T00:05:35,171.38783783783785,157.05337837837837,150.9722972972973,172.6054054054054,157.15472972972972,125.89324324324325,197.0412162162162,128.7141891891892,121.19662162162162,117.38108108108108,120.82837837837837,127.68243243243244,150.94594594594594,95.41824324324324,156.21216216216217,138.33310810810812,123.9054054054054,119.40405405405406,126.27027027027027,217.2864864864865
2025-03-18T00:06:35,170.76418918918918,156.82297297297296,151.0445945945946,172.7533783783784,157.5283783783784,125.91216216216216,197.17297297297299,129.22094594594594,120.97027027027028,116.89324324324325,120.93648648648649,126.93378378378378,151.26554054054054,95.30743243243244,157.15472972972972,138.66351351351352,124.09121621621621,119.54121621621621,126.38445945945946,218.60608108108107
2025-03-18T00:06:35,170.76418918918918,156.82297297297296,151.0445945945946,172.7533783783784,157.5283783783784,125.91216216216216,197.17297297297299,129.22094594594594,120.97027027027028,116.89324324324325,120.93648648648649,126.93378378378378,151.26554054054054,95.30743243243244,157.15472972972972,138.66351351351352,124.09121621621621,119.54121621621621,126.38445945945946,218.60608108108107
2025-03-18T00:07:35,170.5891891891892,157.23783783783784,150.9641891891892,172.47364864864866,157.6006756756757,126.01621621621622,196.7743243243243,129.2418918918919,120.7945945945946,116.84121621621621,120.71081081081081,127.05675675675676,151.41283783783783,95.13648648648649,156.55810810810812,138.60202702702702,124.05472972972973,120.29729729729729,126.51554054054054,218.91013513513514
2025-03-18T00:07:35,170.5891891891892,157.23783783783784,150.9641891891892,172.47364864864866,157.6006756756757,126.01621621621622,196.7743243243243,129.2418918918919,120.7945945945946,116.84121621621621,120.71081081081081,127.05675675675676,151.41283783783783,95.13648648648649,156.55810810810812,138.60202702702702,124.05472972972973,120.29729729729729,126.51554054054054,218.91013513513514
2025-03-18T00:08:35,170.60337837837838,156.61418918918918,149.73918918918918,172.47635135135135,157.78513513513514,126.49797297297297,196.71013513513515,129.11621621621623,120.55337837837838,116.35337837837838,120.59797297297297,126.88175675675676,152.3337837837838,95.27094594594594,156.16824324324324,138.85945945945946,123.85675675675675,120.82297297297298,126.23445945945946,220.2527027027027
2025-03-18T00:08:35,170.60337837837838,156.61418918918918,149.73918918918918,172.47635135135135,157.78513513513514,126.49797297297297,196.71013513513515,129.11621621621623,120.55337837837838,116.35337837837838,120.59797297297297,126.88175675675676,152.3337837837838,95.27094594594594,156.16824324324324,138.85945945945946,123.85675675675675,120.82297297297298,126.23445945945946,220.2527027027027
2025-03-18T00:09:35,170.54054054054055,155.48108108108107,148.85405405405405,171.60675675675677,157.31148648648647,127.04121621621621,197.63851351351352,129.36148648648648,120.6527027027027,115.65743243243243,120.89391891891891,126.43243243243244,152.86283783783784,94.47432432432433,157.41283783783783,138.00067567567567,123.49121621621622,120.98108108108109,125.86351351351351,219.84391891891892
2025-03-18T00:09:35,170.54054054054055,155.48108108108107,148.85405405405405,171.60675675675677,157.31148648648647,127.04121621621621,197.63851351351352,129.36148648648648,120.6527027027027,115.65743243243243,120.89391891891891,126.43243243243244,152.86283783783784,94.47432432432433,157.41283783783783,138.00067567567567,123.49121621621622,120.98108108108109,125.86351351351351,219.84391891891892
2025-03-18T00:10:35,171.8783783783784,154.50675675675674,149.06351351351353,171.41283783783783,157.66824324324324,126.76689189189189,197.11891891891892,129.50878378378377,120.07770270270271,115.4472972972973,120.7581081081081,126.56891891891892,152.50135135135136,94.02702702702703,157.96283783783784,137.3472972972973,123.96689189189189,120.98716216216216,126.46756756756757,220.0810810810811
2025-03-18T00:10:35,171.8783783783784,154.50675675675674,149.06351351351353,171.41283783783783,157.66824324324324,126.76689189189189,197.11891891891892,129.50878378378377,120.07770270270271,115.4472972972973,120.7581081081081,126.56891891891892,152.50135135135136,94.02702702702703,157.96283783783784,137.3472972972973,123.96689189189189,120.98716216216216,126.46756756756757,220.0810810810811
2025-03-18T00:11:35,172.89391891891893,153.33986486486486,147.21216216216217,169.86891891891892,158.60472972972974,126.05743243243244,196.5689189189189,129.425,119.40405405405406,114.89932432432433,120.2918918918919,126.28851351351351,151.8831081081081,93.60202702702702,157.8466216216216,137.0412162162162,123.99324324324324,121.58175675675676,126.28851351351351,219.52702702702703
2025-03-18T00:11:35,172.89391891891893,153.33986486486486,147.21216216216217,169.86891891891892,158.60472972972974,126.05743243243244,196.5689189189189,129.425,119.40405405405406,114.89932432432433,120.2918918918919,126.28851351351351,151.8831081081081,93.60202702702702,157.8466216216216,137.0412162162162,123.99324324324324,121.58175675675676,126.28851351351351,219.52702702702703
2025-03-18T00:12:35,174.68243243243242,153.2168918918919,147.30405405405406,169.58445945945945,158.82702702702701,125.42432432432433,196.6418918918919,129.29189189189188,119.24662162162163,115.59594594594594,121.54932432432433,126.15878378378379,151.03445945945947,93.63581081081081,158.28108108108108,136.10945945945946,124.00540540540541,122.08918918918918,126.42567567567568,219.69256756756758
2025-03-18T00:12:35,174.68243243243242,153.2168918918919,147.30405405405406,169.58445945945945,158.82702702702701,125.42432432432433,196.6418918918919,129.29189189189188,119.24662162162163,115.59594594594594,121.54932432432433,126.15878378378379,151.03445945945947,93.63581081081081,158.28108108108108,136.10945945945946,124.00540540540541,122.08918918918918,126.42567567567568,219.69256756756758
2025-03-18T00:13:35,175.67027027027027,153.8418918918919,147.19527027027027,169.22905405405405,157.91216216216216,125.78648648648648,197.20202702702701,130.07837837837837,118.92364864864865,115.97702702702702,122.10067567567567,126.29527027027027,150.48175675675677,93.42837837837838,158.41554054054055,136.86486486486487,124.17229729729729,122.64256756756757,126.41756756756757,217.80202702702704
2025-03-18T00:13:35,175.67027027027027,153.8418918918919,147.19527027027027,169.22905405405405,157.91216216216216,125.78648648648648,197.20202702702701,130.07837837837837,118.92364864864865,115.97702702702702,122.10067567567567,126.29527027027027,150.48175675675677,93.42837837837838,158.41554054054055,136.86486486486487,124.17229729729729,122.64256756756757,126.41756756756757,217.80202702702704
2025-03-18T00:14:35,175.28716216216216,152.7743243243243,146.7135135135135,169.24864864864864,158.56689189189188,124.81756756756756,197.4358108108108,129.82635135135135,118.77635135135135,115.5222972972973,121.74932432432432,125.65,150.47702702702702,93.84121621621621,159.13378378378377,137.83783783783784,124.4391891891892,123.26486486486486,126.07567567567567,217.74324324324326
2025-03-18T00:14:35,175.28716216216216,152.7743243243243,146.7135135135135,169.24864864864864,158.56689189189188,124.81756756756756,197.4358108108108,129.82635135135135,118.77635135135135,115.5222972972973,121.74932432432432,125.65,150.47702702702702,93.84121621621621,159.13378378378377,137.83783783783784,124.4391891891892,123.26486486486486,126.07567567567567,217.74324324324326
2025-03-18T00:15:35,175.65405405405406,151.9560810810811,146.97364864864866,169.45675675675676,158.70202702702701,125.41418918918919,197.55135135135134,130.74256756756756,118.86216216216216,115.5527027027027,122.3945945945946,125.69459459459459,150.58310810810812,93.65675675675676,159.80743243243242,137.1216216216216,124.60202702702702,123.62635135135135,125.66824324324324,216.9641891891892
2025-03-18T00:15:35,175.65405405405406,151.9560810810811,146.97364864864866,169.45675675675676,158.70202702702701,125.41418918918919,197.55135135135134,130.74256756756756,118.86216216216216,115.5527027027027,122.3945945945946,125.69459459459459,150.58310810810812,93.65675675675676,159.80743243243242,137.1216216216216,124.60202702702702,123.62635135135135,125.66824324324324,216.9641891891892
2025-03-18T00:16:35,175.11148648648648,153.13581081081082,147.76418918918918,170.39324324324323,158.63445945945946,125.43378378378378,198.16216216216216,131.2418918918919,118.65405405405406,115.81013513513514,121.97094594594594,126.08108108108108,150.35743243243243,93.37635135135135,160.6277027027027,136.74932432432433,125.40743243243243,124.5418918918919,125.54324324324324,216.32905405405404
2025-03-18T00:16:35,175.11148648648648,153.13581081081082,147.76418918918918,170.39324324324323,158.63445945945946,125.43378378378378,198.16216216216216,131.2418918918919,118.65405405405406,115.81013513513514,121.97094594594594,126.08108108108108,150.35743243243243,93.37635135135135,160.6277027027027,136.74932432432433,125.40743243243243,124.5418918918919,125.54324324324324,216.32905405405404
2025-03-18T00:17:35,175.40202702702703,153.63108108108108,147.51351351351352,170.2418918918919,157.68851351351353,125.33581081081081,198.4885135135135,131.66486486486485,119.24864864864865,115.76148648648649,122.31824324324324,125.63716216216216,149.87094594594595,93.65472972972972,161.13581081081082,136.7912162162162,125.70945945945945,124.35810810810811,125.22094594594594,216.47027027027028
2025-03-18T00:17:35,175.40202702702703,153.63108108108108,147.51351351351352,170.2418918918919,157.68851351351353,125.33581081081081,198.4885135135135,131.66486486486485,119.24864864864865,115.76148648648649,122.31824324324324,125.63716216216216,149.87094594594595,93.65472972972972,161.13581081081082,136.7912162162162,125.70945945945945,124.35810810810811,125.22094594594594,216.47027027027028
2025-03-18T00:18:35,175.44256756756758,153.2554054054054,148.39797297297298,170.11148648648648,158.3945945945946,125.02432432432433,198.51554054054054,131.9554054054054,120.04729729729729,116.62027027027027,122.30945945945946,125.97702702702702,149.30405405405406,93.60810810810811,160.96216216216217,137.3635135135135,126.37027027027027,124.22297297297297,126.08378378378379,215.6641891891892
2025-03-18T00:18:35,175.44256756756758,153.2554054054054,148.39797297297298,170.11148648648648,158.3945945945946,125.02432432432433,198.51554054054054,131.9554054054054,120.04729729729729,116.62027027027027,122.30945945945946,125.97702702702702,149.30405405405406,93.60810810810811,160.96216216216217,137.3635135135135,126.37027027027027,124.22297297297297,126.08378378378379,215.6641891891892
2025-03-18T00:19:35,174.50675675675674,152.67094594594596,147.90135135135134,170.3993243243243,158.70067567567568,124.80135135135136,199.4277027027027,132.50067567567567,119.81216216216217,116.38378378378378,122.38108108108108,125.9027027027027,149.9831081081081,93.22364864864865,161.18175675675676,137.4608108108108,127.15405405405406,124.7,126.1168918918919,214.79054054054055
2025-03-18T00:19:35,174.50675675675674,152.67094594594596,147.90135135135134,170.3993243243243,158.70067567567568,124.80135135135136,199.4277027027027,132.50067567567567,119.81216216216217,116.38378378378378,122.38108108108108,125.9027027027027,149.9831081081081,93.22364864864865,161.18175675675676,137.4608108108108,127.15405405405406,124.7,126.1168918918919,214.79054054054055
2025-03-18T00:20:35,174.55810810810812,152.77702702702703,147.9831081081081,169.77027027027026,159.5858108108108,124.51824324324325,198.52364864864865,132.71824324324325,120.32364864864864,116.76756756756757,122.43310810810812,125.47027027027028,149.86891891891892,93.01486486486486,161.3554054054054,137.42905405405406,126.9804054054054,124.31824324324324,125.93986486486486,213.70202702702701
2025-03-18T00:20:35,174.55810810810812,152.77702702702703,147.9831081081081,169.77027027027026,159.5858108108108,124.51824324324325,198.52364864864865,132.71824324324325,120.32364864864864,116.76756756756757,122.43310810810812,125.47027027027028,149.86891891891892,93.01486486486486,161.3554054054054,137.42905405405406,126.9804054054054,124.31824324324324,125.93986486486486,213.70202702702701
2025-03-18T00:21:35,175.1777027027027,152.32837837837837,148.7216216216216,170.09391891891892,160.05675675675676,124.34864864864865,199.21283783783784,133.07635135135135,119.825,117.15,121.8554054054054,125.58108108108108,150.03378378378378,93.39189189189189,161.3554054054054,137.13783783783785,127.1527027027027,124.93175675675676,125.38445945945946,214.31148648648647
2025-03-18T00:21:35,175.1777027027027,152.32837837837837,148.7216216216216,170.09391891891892,160.05675675675676,124.34864864864865,199.21283783783784,133.07635135135135,119.825,117.15,121.8554054054054,125.58108108108108,150.03378378378378,93.39189189189189,161.3554054054054,137.13783783783785,127.1527027027027,124.93175675675676,125.38445945945946,214.31148648648647
2025-03-18T00:22:35,176.14594594594595,152.5277027027027,147.2614864864865,169.79527027027027,160.30810810810812,124.05135135135136,200.19797297297296,132.77027027027026,119.69189189189188,116.46216216216216,122.05337837837838,125.76081081081081,150.17432432432432,92.97972972972973,161.15675675675675,136.89797297297298,126.35743243243243,125.16013513513514,124.96756756756757,215.8945945945946
2025-03-18T00:22:35,176.14594594594595,152.5277027027027,147.2614864864865,169.79527027027027,160.30810810810812,124.05135135135136,200.19797297297296,132.77027027027026,119.69189189189188,116.46216216216216,122.05337837837838,125.76081081081081,150.17432432432432,92.97972972972973,161.15675675675675,136.89797297297298,126.35743243243243,125.16013513513514,124.96756756756757,215.8945945945946
2025-03-18T00:23:35,176.74121621621623,151.43513513513514,146.18378378378378,168.4189189189189,158.24797297297297,122.24324324324324,199.25405405405405,131.5972972972973,118.06351351351351,114.22567567567567,120.42162162162163,123.32770270270271,149.81013513513514,91.06486486486486,161.87702702702703,136.45,125.80405405405405,123.83108108108108,125.42432432432433,215.85337837837838
2025-03-18T00:23:35,176.74121621621623,151.43513513513514,146.18378378378378,168.4189189189189,158.24797297297297,122.24324324324324,199.25405405405405,131.5972972972973,118.06351351351351,114.22567567567567,120.42162162162163,123.32770270270271,149.81013513513514,91.06486486486486,161.87702702702703,136.45,125.80405405405405,123.83108108108108,125.42432432432433,215.85337837837838
2025-03-18T00:24:35,176.44864864864866,150.79864864864865,145.9668918918919,168.77027027027026,158.10405405405405,121.6027027027027,198.33648648648648,131.8108108108108,118.19189189189188,114.1527027027027,119.34797297297297,123.25878378378378,148.93310810810812,90.94459459459459,161.97702702702702,136.4195945945946,125.14391891891891,123.4472972972973,124.6,216.06554054054055
2025-03-18T00:24:35,176.44864864864866,150.79864864864865,145.9668918918919,168.77027027027026,158.10405405405405,121.6027027027027,198.33648648648648,131.8108108108108,118.19189189189188,114.1527027027027,119.34797297297297,123.25878378378378,148.93310810810812,90.94459459459459,161.97702702702702,136.4195945945946,125.14391891891891,123.4472972972973,124.6,216.06554054054055
2025-03-18T00:25:35,176.1222972972973,151.20337837837837,146.0858108108108,168.7466216216216,157.77972972972972,121.48851351351351,197.93513513513514,131.3831081081081,118.53175675675676,114.3108108108108,118.50202702702703,123.64797297297298,149.22364864864866,90.73716216216216,162.85945945945946,136.5695945945946,124.58108108108108,123.82094594594595,124.6695945945946,216.38445945945946
2025-03-18T00:25:35,176.1222972972973,151.20337837837837,146.0858108108108,168.7466216216216,157.77972972972972,121.48851351351351,197.93513513513514,131.3831081081081,118.53175675675676,114.3108108108108,118.50202702702703,123.64797297297298,149.22364864864866,90.73716216216216,162.85945945945946,136.5695945945946,124.58108108108108,123.82094594594595,124.6695945945946,216.38445945945946
2025-03-18T00:26:35,175.88851351351352,151.2783783783784,145.8581081081081,169.38378378378377,157.95810810810812,121.23513513513514,197.65878378378378,131.41486486486485,117.87432432432432,114.23175675675675,118.81486486486486,124.24121621621622,148.7141891891892,90.2304054054054,162.49527027027028,136.21486486486486,124.71486486486486,123.98986486486487,124.81351351351351,215.94527027027027
2025-03-18T00:26:35,175.88851351351352,151.2783783783784,145.8581081081081,169.38378378378377,157.95810810810812,121.23513513513514,197.65878378378378,131.41486486486485,117.87432432432432,114.23175675675675,118.81486486486486,124.24121621621622,148.7141891891892,90.2304054054054,162.49527027027028,136.21486486486486,124.71486486486486,123.98986486486487,124.81351351351351,215.94527027027027
2025-03-18T00:27:35,176.27297297297298,150.5391891891892,146.1168918918919,169.52635135135134,157.65743243243244,122.05675675675676,197.5027027027027,131.7668918918919,118.45,114.3554054054054,119.2695945945946,124.3972972972973,148.91756756756757,90.42702702702702,162.67364864864865,135.61216216216215,124.83581081081081,123.97972972972973,125.22297297297297,215.65202702702703
2025-03-18T00:27:35,176.27297297297298,150.5391891891892,146.1168918918919,169.52635135135134,157.65743243243244,122.05675675675676,197.5027027027027,131.7668918918919,118.45,114.3554054054054,119.2695945945946,124.3972972972973,148.91756756756757,90.42702702702702,162.67364864864865,135.61216216216215,124.83581081081081,123.97972972972973,125.22297297297297,215.65202702702703
2025-03-18T00:28:35,176.02905405405406,150.23783783783784,146.02972972972972,169.93986486486486,158.68175675675676,122.70878378378379,197.51418918918918,131.15,118.54797297297297,115.3472972972973,119.00202702702703,124.82162162162162,148.13445945945946,90.19391891891892,162.97094594594594,135.34391891891892,124.05405405405405,123.8831081081081,124.81013513513514,216.14324324324323
2025-03-18T00:28:35,176.02905405405406,150.23783783783784,146.02972972972972,169.93986486486486,158.68175675675676,122.70878378378379,197.51418918918918,131.15,118.54797297297297,115.3472972972973,119.00202702702703,124.82162162162162,148.13445945945946,90.19391891891892,162.97094594594594,135.34391891891892,124.05405405405405,123.8831081081081,124.81013513513514,216.14324324324323
2025-03-18T00:29:35,176.28986486486485,150.46824324324325,145.92364864864865,170.8385135135135,159.39729729729729,123.00337837837837,197.33445945945945,130.4722972972973,118.98243243243243,115.84594594594594,119.20270270270271,124.8472972972973,147.7087837837838,89.96283783783784,162.4966216216216,135.80945945945945,123.71283783783784,124.30540540540541,125.19797297297298,216.07567567567568
2025-03-18T00:29:35,176.28986486486485,150.46824324324325,145.92364864864865,170.8385135135135,159.39729729729729,123.00337837837837,197.33445945945945,130.4722972972973,118.98243243243243,115.84594594594594,119.20270270270271,124.8472972972973,147.7087837837838,89.96283783783784,162.4966216216216,135.80945945945945,123.71283783783784,124.30540540540541,125.19797297297298,216.07567567567568
2025-03-18T00:29:47,176.46621621621622,150.6195945945946,145.79527027027027,170.85675675675677,159.53445945945947,123.18243243243244,197.3864864864865,130.5027027027027,119.31216216216217,115.88851351351352,119.85743243243243,125.33445945945945,147.9587837837838,90.15945945945946,162.63851351351352,135.9885135135135,123.98986486486487,124.41418918918919,125.66283783783784,216.09391891891892
2025-03-18T00:29:58,176.27094594594595,150.81689189189188,145.80743243243242,170.5641891891892,159.8,123.10472972972973,197.54797297297299,130.49797297297297,119.03918918918919,115.98918918918919,120.21148648648649,125.49391891891892,148.02905405405406,89.91621621621621,162.63783783783785,136.05135135135134,123.94256756756756,124.3445945945946,125.7358108108108,215.9358108108108
2025-03-18T00:30:08,176.45202702702701,150.70135135135135,145.85608108108107,170.4608108108108,159.94054054054055,123.28513513513514,197.79662162162163,130.7256756756757,118.94189189189188,115.83918918918918,120.46689189189189,125.52635135135135,148.0243243243243,90.13108108108108,162.5972972972973,136.20810810810812,123.6777027027027,124.33378378378379,126.00405405405405,215.90405405405406
2025-03-18T00:30:18,176.4358108108108,150.68513513513514,145.72027027027028,170.46148648648648,159.93445945945945,123.6972972972973,197.9033783783784,130.7385135135135,119.0945945945946,116.16283783783784,120.65405405405406,125.53513513513514,148.16689189189188,90.1331081081081,162.46891891891892,136.22972972972974,123.76148648648649,124.36959459459459,125.98513513513514,215.7216216216216
2025-03-18T00:30:28,176.80810810810812,150.83310810810812,145.48243243243243,170.42432432432432,160.38243243243244,123.56486486486486,197.825,130.6216216216216,119.15202702702703,116.17837837837838,120.65608108108108,125.82567567567567,148.0722972972973,90.04324324324324,162.39797297297298,136.0243243243243,123.64324324324325,124.47702702702702,125.57364864864864,215.9608108108108
2025-03-18T00:30:35,176.82972972972973,151.0689189189189,145.86013513513512,170.26351351351352,160.30067567567568,123.62094594594595,197.65405405405406,130.4027027027027,119.04797297297297,116.33581081081081,120.59256756756757,125.8722972972973,148.2945945945946,90.18716216216217,162.18783783783783,135.75067567567567,123.46554054054054,124.71148648648649,125.41283783783784,215.72770270270271
2025-03-18T00:30:39,176.84864864864866,151.01486486486488,146.0810810810811,170.05675675675676,160.47364864864866,123.70743243243243,197.6614864864865,130.30337837837837,119.08445945945945,116.55,120.50945945945946,125.91216216216216,148.34864864864866,90.35,162.175,135.6939189189189,123.75608108108108,124.71418918918918,125.48851351351351,215.84256756756756
2025-03-18T00:30:49,177.19527027027027,150.9527027027027,146.2108108108108,170.01216216216216,160.24932432432433,123.56351351351351,197.6283783783784,130.58175675675676,118.84391891891892,116.5081081081081,120.98783783783784,126.09324324324324,148.37364864864864,90.27702702702703,162.0804054054054,136.0114864864865,123.82297297297298,124.72162162162162,125.42432432432433,216.10472972972974
2025-03-18T00:30:59,177.07027027027027,150.68310810810812,146.75067567567567,170.20202702702701,159.95743243243243,123.47364864864865,197.56689189189188,130.32635135135135,119.06148648648649,116.72162162162162,120.93378378378378,125.97972972972973,148.3418918918919,90.44256756756756,161.84527027027028,135.91486486486485,123.74054054054054,124.67432432432433,125.31554054054054,215.92027027027027
2025-03-18T00:31:09,177.31486486486486,150.62702702702703,147.0168918918919,170.01891891891893,160,123.81959459459459,197.64324324324323,130.03175675675675,119.14594594594594,116.7777027027027,121.25202702702703,126.25472972972973,148.63445945945946,90.16418918918919,162.03513513513514,136.0804054054054,123.66756756756757,124.69054054054054,125.72364864864865,215.4141891891892
2025-03-18T00:31:19,177.43513513513514,150.44527027027027,147.0918918918919,170.50743243243244,160.28783783783783,123.94932432432432,197.91283783783783,130.11013513513512,118.9277027027027,117.05067567567568,121.18783783783783,126.49527027027027,148.42635135135134,90.39054054054054,162.2054054054054,136.1412162162162,123.82432432432432,124.82972972972973,125.81351351351351,215.48445945945946
2025-03-18T00:31:29,177.425,150.48175675675677,147.0722972972973,170.5243243243243,160.10472972972974,123.87837837837837,197.59527027027028,130.17364864864865,118.54662162162163,116.4,121.18513513513514,126.40675675675676,148.55,90.31554054054054,162.56554054054055,136.00878378378377,123.75608108108108,124.68648648648649,125.78175675675676,215.99594594594595
2025-03-18T00:31:35,177.4189189189189,150.43851351351353,147.30472972972973,170.26824324324323,160.04189189189188,123.93175675675676,197.7256756756757,130.19662162162163,118.42635135135136,116.64932432432433,121.23378378378378,126.58378378378379,148.57297297297296,90.3222972972973,162.58243243243243,135.7168918918919,123.92027027027027,124.4858108108108,125.79594594594595,215.90945945945947
2025-03-18T00:31:39,177.09797297297297,150.10337837837838,147.26351351351352,170.31621621621622,159.97905405405405,123.82094594594595,197.29527027027027,130.01216216216216,118.56621621621622,116.65067567567567,121.225,126.3108108108108,148.47702702702702,90.3222972972973,162.7777027027027,135.61081081081082,123.84189189189189,124.21351351351352,125.78175675675676,216.025
2025-03-18T00:32:35,177.5472972972973,149.89527027027026,146.92972972972973,170.29189189189188,160.42364864864865,123.87432432432432,197.73918918918918,130.51013513513513,119.32770270270271,116.60202702702702,121.46486486486486,125.89121621621622,148.5722972972973,90.41554054054055,163.00878378378377,136.24256756756756,124.04594594594595,124.2,126.0141891891892,216.24121621621623
2025-03-18T00:32:35,177.5472972972973,149.89527027027026,146.92972972972973,170.29189189189188,160.42364864864865,123.87432432432432,197.73918918918918,130.51013513513513,119.32770270270271,116.60202702702702,121.46486486486486,125.89121621621622,148.5722972972973,90.41554054054055,163.00878378378377,136.24256756756756,124.04594594594595,124.2,126.0141891891892,216.24121621621623
2025-03-18T00:33:35,177.91283783783783,150.50202702702703,147.78378378378378,170.10675675675677,160.09391891891892,123.77905405405406,197.20743243243243,129.32094594594594,119.03243243243243,117.34256756756757,121.04121621621621,125.63783783783784,148.13513513513513,90.0831081081081,163.08445945945945,135.5777027027027,124.1108108108108,124.09391891891892,125.12837837837837,217.43243243243242
2025-03-18T00:33:35,177.91283783783783,150.50202702702703,147.78378378378378,170.10675675675677,160.09391891891892,123.77905405405406,197.20743243243243,129.32094594594594,119.03243243243243,117.34256756756757,121.04121621621621,125.63783783783784,148.13513513513513,90.0831081081081,163.08445945945945,135.5777027027027,124.1108108108108,124.09391891891892,125.12837837837837,217.43243243243242
2025-03-18T00:34:35,177.28040540540542,150.47905405405405,148.0689189189189,169.78378378378378,159.83648648648648,123.78851351351351,196.98243243243243,129.07297297297296,118.99864864864865,117.32297297297298,120.97162162162162,125.70270270270271,148.36418918918918,89.91148648648648,163.06351351351353,135.3864864864865,123.85810810810811,124.09324324324324,125.39121621621622,217.4716216216216
2025-03-18T00:34:35,177.28040540540542,150.47905405405405,148.0689189189189,169.78378378378378,159.83648648648648,123.78851351351351,196.98243243243243,129.07297297297296,118.99864864864865,117.32297297297298,120.97162162162162,125.70270270270271,148.36418918918918,89.91148648648648,163.06351351351353,135.3864864864865,123.85810810810811,124.09324324324324,125.39121621621622,217.4716216216216
2025-03-18T00:35:35,177.05945945945945,149.21959459459458,148.51351351351352,171.2864864864865,160.9,124.03581081081082,198.12432432432433,128.70743243243243,118.81959459459459,117.38783783783784,121.15810810810811,126.13243243243244,148.8189189189189,89.95608108108108,161.65067567567567,135.26283783783785,123.66351351351351,125.14324324324325,126.89256756756757,217.11418918918918
2025-03-18T00:35:35,177.05945945945945,149.21959459459458,148.51351351351352,171.2864864864865,160.9,124.03581081081082,198.12432432432433,128.70743243243243,118.81959459459459,117.38783783783784,121.15810810810811,126.13243243243244,148.8189189189189,89.95608108108108,161.65067567567567,135.26283783783785,123.66351351351351,125.14324324324325,126.89256756756757,217.11418918918918
2025-03-18T00:36:35,176.57702702702701,148.74054054054054,147.79864864864865,171.225,160.56554054054055,124.11959459459459,196.95945945945945,129.02702702702703,119.23310810810811,117.46351351351352,120.35810810810811,126.8945945945946,148.90405405405406,89.99391891891892,162.5027027027027,135.10472972972974,123.92229729729729,125.00608108108108,127.2695945945946,216.35472972972974
2025-03-18T00:36:35,176.57702702702701,148.74054054054054,147.79864864864865,171.225,160.56554054054055,124.11959459459459,196.95945945945945,129.02702702702703,119.23310810810811,117.46351351351352,120.35810810810811,126.8945945945946,148.90405405405406,89.99391891891892,162.5027027027027,135.10472972972974,123.92229729729729,125.00608108108108,127.2695945945946,216.35472972972974
